,Original,Augmented,Increase,Increase_pct
Humor,84,152,68,80.95238095238095
Crime_Mystery,76,203,127,167.10526315789474
Fiction,230,230,0,0.0
