{"accuracy": [null, null, null], "loss": [1.0429, 0.7478, 0.4785], "val_accuracy": [0.6666666666666666, 0.7863247863247863, 0.8205128205128205], "val_loss": [0.8604804873466492, 0.6273431777954102, 0.5582264065742493]}